,tec,ts
0,0.5145712927675734,0.2232405222297637
1,13.611712812542693,7.021406254929687
2,16.466814038022815,6.563950070023575
3,9.347461555575947,1.130787283543204
4,22.24824198958227,0.4249170976902994
5,31.011614088052024,10.638592078973872
6,0.0023273511634529713,13.877958615288186
7,6.279051361072874,2.961366661670758
8,15.044918562468105,4.692488149390991
9,5.734390416354122,20.447765348166214
10,17.748544516077775,31.851492661692
11,2.5028519104706657,7.767736307341138
12,8.623182085097486,16.814975882641722
13,0.17985373454976533,9.416630104005424
14,8.227257017398541,2.3074463212949907
15,22.445097598013728,0.5596104532716152
16,12.934013857776828,6.415158500509888
17,38.91281462283354,17.035003740293032
18,6.264910469484666,3.6299372503387324
19,7.8502163725046,18.070760394311268
20,0.4182332796681065,12.166079234894278
21,8.132632757945945,7.018064298856681
22,8.04656605541781,9.88968998191947
23,2.560782045783536,0.22129998445663604
24,2.8536899945337577,3.531809395986538
25,28.62180470928086,10.384368519886921
26,2.087968661306941,8.686899181108002
27,9.71862705400662,2.643782677465316
28,0.2794215808759432,4.537967570105462
29,13.495316192994068,8.813422441376046
30,0.056012155912632526,9.228554838569273
31,3.2089817241330727,11.904132497289453
32,11.366458758952016,12.929712813162464
33,19.822075918873047,23.661080627353357
34,23.72424459147564,9.606669391207145
35,4.6881235688280345,0.6348668913183262
36,22.894433317094986,8.984205020055038
37,20.95158170254958,22.601373497045792
38,0.5750432697125708,7.486514884492573
39,5.682464803225472,3.6335798201854925
40,11.294113680587746,9.389733087352063
41,4.453081232344195,21.205389309207693
42,34.87579502028804,32.06807686698953
43,2.716894421126928,14.320739575030057
44,2.1704344550860397,19.63847383405764
45,33.153996260632745,2.5896635476520053
46,19.10944833797099,4.538714302061343
47,1.4175541916409466,8.24403375090957
48,3.604940516907745,5.714561841041653
49,2.0023617735477806,3.5977436462542167
50,13.456307816284646,1.989096293123733
51,2.8704446652592046,19.759175959244022
52,0.33872370407958186,9.923896387672569
53,39.82895995133676,18.065879966432437
54,13.946335600526158,9.34308728974335
55,1.9328435768954513,6.099771396746517
56,21.591474343493676,4.652284226230678
57,29.97543698390053,3.6805082292271885
58,40.60537492290067,7.922287664091555
59,9.842869297928477,1.2313240098666653
60,5.675401125064992,1.0844311527851236
61,32.83900943604854,21.13316104612001
62,7.298112157742411,1.297030226970173
63,2.649780406893308,2.079086281475268
64,0.6822570227870315,9.91646311347962
65,1.6821883826336046,9.1658702723334
66,22.207239807741686,18.82706045003159
67,12.019342547425715,24.360106440183404
68,0.1129687514833519,7.912682598774446
69,11.729921626086867,7.085382632524987
70,15.716917959976723,2.5269749170230127
71,5.160486213039405,21.74306292506722
72,2.4961706093674554,0.9245612397841824
73,1.9429975261958798,8.510025674256376
74,15.782235727397726,13.028608550545243
75,0.02737988816158601,0.7748183139355227
76,18.562235301425456,27.2451203064526
77,3.3445741770525528,5.426889567270168
78,19.156894980885873,18.595904677533035
79,9.430680214457631,0.24941490781791742
80,6.733740403733888,31.420245841345956
81,2.9696691786851366,2.898556675169828
82,14.700712899724566,4.933487448986947
83,8.931513353907553,39.713498018621536
84,2.564741594634641,3.341908967940105
85,7.124342452421751,11.296926201625421
86,0.18386106346821263,6.576291927726152
87,2.3916348722876255,20.230574440794168
88,4.152239715733181,2.764931552835855
89,18.176679416885968,4.024104097744279
90,4.823336136420935,9.717133486195443
91,24.70663484622552,2.696352003558581
92,16.548109978034514,7.925957724142384
93,8.434779709529275,0.8571199420583236
94,7.843417683845352,1.415981226342466
95,8.274030948323247,11.533346358985959
96,11.857689867643451,5.596413643573236
97,4.5585519123272595,39.21738920898541
98,2.5663559748890115,26.09512232880471
99,9.204072287898446,13.329489278321525
100,7.315754288012086,1.238595380861104
101,8.892300349910064,0.4193249706891692
102,8.435522352789654,0.028466349037793964
103,19.241418204110886,10.827499390774841
104,0.5940428267315111,0.29643129385946165
105,9.021749197011836,39.59449254138738
106,9.146218450355148,5.321650584693339
107,12.509300540311232,18.804145419724456
108,16.31001265148148,8.971699606203329
109,8.076268498702582,7.918605058372524
110,15.304833076446037,27.788687215394965
111,13.416209014748478,3.5580618394806693
112,18.040746205863194,3.2608707440633777
113,22.823420362931074,19.43325789238621
114,6.86851392754244,48.294536359712446
115,3.842664403426328,7.664533353605671
116,6.322128360450639,5.099229972924534
117,14.514243009663613,13.25006307383591
118,2.4650108001583635,0.04368673610578382
119,6.639338090502076,4.9311657544131045
120,3.062518010088349,12.134833649610963
121,16.3277952640795,2.618051740444949
122,51.66466080263074,7.083714454130053
123,25.075827595758984,22.065458181802555
124,9.449005192867789,8.527941184713635
125,3.6194136199158877,0.3985605189248062
126,2.341588639524029,8.834738909775139
127,2.8799611350908156,26.920175046260493
128,1.8567017574296696,18.723396988302806
129,22.367378639172017,2.909944855958634
130,20.089471241197764,18.88834273438029
131,5.537389227672106,8.077890321482093
132,2.9302764346626544,5.186287384770637
133,2.2949209326747737,9.487933747171024
134,0.7218221769629052,7.275389070716023
135,2.276824114998482,21.049043963116453
136,13.21423043821861,7.360769216101084
137,59.12859661857312,0.8486161960546743
138,7.954627048596631,14.141063076535382
139,10.352654981603342,6.849191132392473
140,6.512169845018358,1.486488216415548
141,6.461485737314282,1.3521519443777084
142,2.6043022130456834,1.249865191770859
143,3.9896561945741165,11.46465721957668
144,1.2064278107740214,5.87906955907266
145,29.717784041092244,82.44859088724498
146,1.742216146264147,5.606342617475049
147,3.4978994956451843,31.605318784273738
148,0.42257906916757876,6.350869498158328
149,9.833221678516416,11.406778710177106
150,16.51783961441447,14.742217726971287
151,13.05209930691452,3.479233027428621
152,1.013427065527922,13.471085851153134
153,0.25629356956095134,8.688136435814876
154,7.851672928604612,6.573299999153147
155,15.47100652212475,12.676087686309053
156,1.2260317992476648,25.02763212005922
157,4.941556819243696,10.495627080241565
158,6.030710093771381,12.638926715113989
159,5.819979672017332,1.2592577661832929
160,7.8730682010350925,26.41316408213531
161,18.71857420332079,8.181426302378537
162,52.01204208070049,16.889755272880954
163,0.9523747491807257,15.983156877172433
164,23.84854662681456,13.897493995566146
165,8.894196732901438,17.403180672155955
166,17.80605839369413,10.660532387242604
167,8.618818029537675,7.362068734347558
168,4.748404704643846,6.554212781429437
169,8.789190612992542,5.918807387439334
170,18.458959584317686,1.291296362597083
171,19.63224852701983,8.49135900783775
172,2.645087628541212,1.057160328424196
173,4.226633079052099,8.153147240603868
174,6.67610906051141,8.759035706392176
175,3.43987005822961,2.5998830042649246
176,2.180842041576325,14.052267069277747
177,14.389050298051059,1.3062953979765424
178,4.227545591569631,35.828552195713605
179,14.940365811797218,2.520528587585983
180,28.557950279806672,2.419880639211213
181,16.407261123791027,2.3837499495677354
182,3.938695550507804,17.19433510467288
183,6.398820683702042,9.264197335649508
184,1.6496578469082435,16.10873767007411
185,8.582710063616103,0.393710228598726
186,17.829427251749276,2.6467128876617045
187,1.081908338589014,0.8287053072273866
188,12.415041662939917,21.498496100090097
189,5.665096256890144,4.234185928750786
190,16.717617728620407,0.42765445642757294
191,1.9705191700898574,15.617203026593726
192,3.581076640592843,8.552946632616196
193,10.466505153155607,4.802854850863352
194,2.736043454033716,1.6280798006796222
195,16.023164830700804,1.8026708218614198
196,10.36500595035944,8.974477473874948
197,12.493372080466456,11.237674684503078
198,29.934732192054643,22.34649298677397
199,0.2077000066043648,0.74369972211283
200,19.96806246413817,14.965444301712106
201,8.798199562677201,3.44109355639963
202,0.5607776309397888,4.21415257001823
203,5.933870219484765,14.80327637377009
204,14.999713630821159,3.437505736536035
205,5.7583122027456195,11.741753028293404
206,3.0945700839845043,0.34995956497719855
207,7.4328606180616426,3.7936545836363624
208,1.7066399303433188,2.7050436334630974
209,24.015458626393237,4.560435657250625
210,4.252550442716222,1.9401631677235014
211,13.634501933456724,16.623223129800326
212,0.21118512733010975,16.14658654261823
213,10.680033657865184,10.377589510271289
214,6.450628769932985,0.6423163155229851
215,20.535907743939514,2.686749058603461
216,0.5710909778875697,7.76677116881994
217,17.60703197555284,0.43773933498220174
218,9.130195567054923,8.663067392884123
219,7.0022714108353785,32.69874233198155
220,9.262463761617381,5.602176954664225
221,9.05265313624645,8.342604480683018
222,0.07957305151819524,2.0356568186921202
223,23.41250276941583,1.797671403202755
224,55.833551985013166,1.505014514275012
225,4.073688399099643,1.4121804695633444
226,45.65917587714931,13.167406919483078
227,6.354278092176092,48.389805148665836
228,0.442050258887865,19.269822305613022
229,11.059462885903589,4.199660880665311
230,0.12658460742190122,10.657857423663641
231,0.253534975126937,1.4258634354274098
232,3.09974443349835,3.0547336963129967
233,3.3278666125545673,0.1031313461157001
234,15.426230484893196,15.947263403180028
235,1.3317015491811635,9.269881734765569
236,14.174157756516845,8.569557754936808
237,39.60593175325382,2.787091277462834
238,5.60747463083267,7.399793363081314
239,3.2459276349218142,5.149142822387587
240,2.1351728046967775,4.1665597351171595
241,38.80337104595121,16.788521396356582
242,3.3799389692022084,0.30135588494422
243,0.887958730920527,13.265242053619534
244,0.8924760506072772,2.4466922023558975
245,2.4862546730305684,7.60525479896039
246,8.231709066929497,4.674186565420348
247,8.521116779295925,8.054289974183359
248,8.274543577959683,11.163665821597476
249,3.7300045845969314,16.523700835779255
250,0.812685538481661,0.18658228536074048
251,0.5506158396921559,22.494747049610517
252,5.136824105494872,0.10634944300052863
253,4.34076908694713,2.849316069819473
254,23.602098447978797,25.65027338580625
255,12.613152918092956,4.228945762689501
256,6.485602265822336,3.7552503480218533
257,1.9375585523090735,4.4868937519560905
258,0.35109210860325857,27.097152548899402
259,2.029838649019286,2.5016290638876133
260,2.71580947040564,24.832582000925022
261,0.2792640355112106,6.850778424954217
262,25.088383413045126,41.693619115378475
263,28.30638573092245,5.506426518737241
264,3.9489977175525706,11.61189975168985
265,19.824111823891894,19.34409806300742
266,1.0401511812349273,0.3217671236107055
267,6.814862384528086,28.960428490040368
268,0.10280217228317005,13.30743535163171
269,2.256446978523857,7.278100694180432
270,0.11582384069875025,2.228863418822055
271,1.981655377521367,1.702582921996272
272,6.7930183757924425,6.50961297579796
273,6.173968665240289,5.330495864232917
274,7.503289458926032,5.81689043110798
275,0.4430590742874525,0.7049034839666335
276,17.315323109491978,11.949592099046436
277,10.498698435241721,2.862840960080683
278,8.603510245601369,8.68535769357367
279,5.775978711407387,2.2309263855917836
280,2.5221053522549437,32.442788662437174
281,4.340873849682877,1.0914071884423269
282,10.089293179191564,4.5658141586358445
283,0.11398156518035595,15.281827455811081
284,5.99851163297922,10.060152272476346
285,21.10371931001761,11.367676656986877
286,2.049236991014343,1.6219012769624337
287,18.857412355885906,3.992288647370725
288,1.2769062940002325,14.079647367927715
289,8.027051402255852,2.3099321223649705
290,6.156496862829613,26.24150706978268
291,12.708496609168058,7.671995028776122
292,2.998389535164081,5.4346980675157806
293,2.8641571486379327,5.781627363871734
294,22.857910209790326,5.952118937984375
295,4.818205084839053,4.359960003941387
296,5.262233399155626,3.758824056336167
297,21.815604816839702,10.628320906010076
298,0.3790013015856419,14.187971434268533
299,7.389431602809207,1.8467720853507743
300,22.011250301497594,4.9607427260920325
301,8.891149847781415,5.828532585813897
302,1.2518966206693283,6.883543732295433
303,0.945424782041967,17.228672007349264
304,4.546379360513393,13.497462205732532
305,4.5536714848311455,5.215910361528191
306,4.226171341350628,15.688663182242959
307,7.415046258660909,1.758876520835523
308,0.2098458201562348,6.989232668042915
309,2.9445319042881852,7.914803890643153
310,0.03787781674416039,3.004989030698562
311,6.166515467118369,17.487432632638622
312,6.930136217785144,0.3680942459558668
313,16.69164634206403,20.828286974988757
314,0.6154828238557248,10.47097810779186
315,4.731600076174802,0.28057969777658354
316,9.864050463636982,8.241105839958884
317,7.370506316427342,6.4914139793459755
318,4.574004312372539,10.232971616211522
319,14.652668006481967,14.053681242587228
320,17.64281049713699,0.8826597105197277
321,4.3377912145969475,23.30001711284721
322,3.9153144986202832,0.5506418235297792
323,1.9856214528548044,3.1339557911487557
324,4.1920576603600415,24.74666365423806
325,2.2180291079516916,10.68067817273726
326,6.157816728666223,4.117775689721684
327,36.554200361941206,4.229275659014753
328,4.105451210376875,7.509974250131439
329,13.130938194907413,8.423663751024295
330,8.136356328309471,5.899082118497053
331,2.270951493401311,8.800633321304028
332,5.419220548577808,4.89082153687255
333,18.61431534054543,1.9312581116378114
334,5.584081425580721,36.76878987128751
335,15.105287664211167,17.481693188193834
336,6.241425823335414,3.884585091190483
337,4.138758268623707,4.968522420307097
338,0.6929459265840688,15.206140322833297
339,13.608477741664073,5.591068618859554
340,0.192640669155268,25.32430922752667
341,18.230365677535648,1.0225488870302206
342,2.1654865612294047,17.50144102525621
343,6.018872968949008,6.920314145066582
344,0.36334349172557073,24.59748383191268
345,21.6338475238364,2.5410415502985364
346,9.687839665621759,21.816142507601906
347,4.881867068956066,1.7514527337401595
348,1.6841656605731679,2.9823770495370368
349,2.3234958671859607,41.940616363441364
350,3.3334292805944576,8.008334888234982
351,0.8494819821175553,15.334210662762253
352,22.071270116926108,5.429822933433309
353,5.162853290822586,5.74705747736717
354,4.592929490694647,8.94008538223539
355,10.074000080861708,2.3920406473962816
356,9.25129783125783,6.211409773255925
357,6.85258850345154,5.79473764238049
358,56.686971029250905,1.4258835804750958
359,11.097034246157554,2.212107107347429
360,7.83761875889255,5.99399071597696
361,34.22906741650073,34.147450617378645
362,0.1618370867081462,6.304382126973978
363,6.043842312800388,0.9964752702379059
364,0.27480761156876526,4.827469593145771
365,3.8572726748653174,0.3858255379011199
366,12.613373408742941,10.535650856876638
367,9.723595245218611,8.428132287255432
368,14.165023556817308,9.413941186118592
369,9.608834429280607,19.59111301189519
370,19.72423030952006,4.068544237072921
371,1.2375914470496912,0.18369283096809308
372,17.950482585502932,30.506066682081368
373,5.413305377848187,13.20402577039517
374,1.7275242438983307,5.023250646535166
375,4.464651453694077,18.2666826073565
376,1.0997030077526138,16.122669871455958
377,17.2064334946417,7.240392231610546
378,5.689011146358988,3.8930106530454434
379,2.211601775460272,0.03128672501636987
380,11.288907893096223,5.386232323019571
381,3.9240021984492084,6.982879016832869
382,0.4460443297315795,40.702007127279956
383,21.131329858558466,3.8618585081661165
384,0.7981969562129833,17.71654936289181
385,13.401739648273436,0.20773611642085205
386,1.8378319944678603,7.764431233614775
387,3.8653686150252926,12.703000015798766
388,1.8995780011382382,0.5679107530903994
389,6.403765684557078,1.157699977466933
390,4.35537543155031,18.65523777398882
391,3.2675838181424095,29.13943023224032
392,5.298569370835447,13.051693266417137
393,3.5903804324583684,2.301544210204775
394,27.638452231548882,1.536899988523588
395,2.5673269678852915,8.272318623463153
396,15.568957433855765,5.83126719955019
397,2.283874371684971,1.975548374913142
398,8.430645686463079,13.342756371308035
399,8.338124969396246,7.761974873761638
400,8.459803359770067,0.8164586044213706
401,1.2500429490122946,11.206877400327159
402,6.1891437123729265,7.869870959797022
403,5.72648489208097,4.685990904975239
404,3.7836338029105527,8.683715070070965
405,6.106819511996436,1.3861324186967472
406,4.756153327297076,0.9983308839812822
407,35.3458738238549,14.373336537808823
408,11.357507610335906,9.544703157085088
409,11.246518221074094,7.291650069362177
410,5.577153562627456,13.146713935791109
411,12.702514490641214,0.8850986786011206
412,1.185362688093613,1.6009598062964658
413,2.7378439351053934,5.960211354630919
414,6.5522228833224085,8.967389495596521
415,17.034763660776598,4.114654387608931
416,6.854583374474974,15.009570911913697
417,10.033324611124721,0.841907498030785
418,9.426820113614315,6.682885515399647
419,12.814104340212946,7.552605700840573
420,1.0995443161271707,3.00889714779617
421,7.4692633592440485,14.99913615323069
422,2.4287960930834465,5.342416658659561
423,2.8073262795201708,25.825288565032626
424,11.578329303081286,10.709962995331463
425,8.18964775461396,5.593221010964688
426,5.629849757248135,1.2450902758608031
427,1.5842270784513715,18.66089766208258
428,28.0080488422433,3.8529340646464743
429,23.64904561022213,3.7153896364570187
430,4.411040378191777,5.430876303208506
431,2.5302388219873553,6.095512999886151
432,7.669876326252869,22.72281509529511
433,12.936315330300118,25.070542138144184
434,16.96083784817112,21.514470863750862
435,5.139284811729727,0.6158840767452954
436,6.323036702887203,6.730484233629159
437,23.919211411873007,37.099426790518166
438,10.63713756139376,1.6923908290504137
439,3.8468362783163785,0.903818049114866
440,6.979905567371549,17.09026313009408
441,1.6901701186952098,10.438446077772127
442,5.47941967664589,16.434884986937284
443,11.904510828342762,5.784855838042282
444,9.987300113505617,8.486617928079806
445,8.003786442828162,6.4355704097739155
446,45.6122887918822,6.601907729512908
447,0.6840275325539947,10.71990073209178
448,0.9822450255545114,0.39499803276818796
449,15.245449314976282,63.8812349243247
450,4.303364380976985,8.886869944886381
451,3.181950357555887,2.879485330237732
452,59.33365325168991,22.139009497462876
453,36.51759429591816,14.700626334683866
454,3.525420031261095,1.4401691174931215
455,18.577674231679293,27.42802939608083
456,8.740601186636454,0.9158434029316286
457,1.9190191860051988,8.68797035764135
458,27.426815479353152,33.86278032185053
459,8.499497758014337,21.173214905535215
460,43.2622324540946,8.412359816558766
461,11.738590568435935,9.734679340817303
462,4.951062190456409,0.043896751796103486
463,15.038899162586997,0.6140648364210857
464,17.869332220967195,0.5336179657179254
465,26.776715040965016,4.095340685204253
466,24.4154361370664,5.735351721528151
467,9.861939530668835,0.9298273953238722
468,5.192132080486761,9.869332563443564
469,4.046931622653591,3.934958524231314
470,2.2377482107069,19.11786893185987
471,11.392254631278455,7.621187092162121
472,35.453104984358454,8.609054453971446
473,16.055887656719985,3.7125042204853247
474,19.31986745928765,11.93614891634384
475,24.247511547796666,12.71917899630651
476,50.186485932396145,1.0841879775671606
477,4.28107562439509,5.871256484436702
478,12.827365727625262,16.3977002264987
479,3.001033381539901,0.30702838447252184
480,2.3723964756802896,2.8846361809980348
481,12.293977601735634,2.8951800618748633
482,10.415970948735005,11.42490604008106
483,4.1550411877937705,0.4176093538195931
484,1.83844692000479,1.2588367085502516
485,2.3635718994503474,12.870007141913735
486,3.2960169550153626,2.090867522047609
487,1.5758323522498021,9.135902349473076
488,2.8366673617540887,11.759410273655506
489,3.0932245932890243,30.162665931686618
490,19.133416204481247,2.8905150431027007
491,0.8756118760616549,8.285313089328207
492,6.409574296743218,5.131475151529673
493,4.736854164565086,18.969001226082256
494,6.303193095847078,2.9652668269914755
495,5.379887471680458,1.7604905768578991
496,0.11694358742163041,15.802516787320794
497,18.9740297828792,0.05865179690870484
498,35.3785181567915,19.80079947097765
499,6.993846492864049,1.5227390148195095
500,16.494870736815507,7.150775803679181
501,26.8267025668173,1.0236339019147862
502,4.670739761897255,0.1262842862987622
503,4.3828528894132806,20.45931277858093
504,2.7524485251779303,4.184756071906407
505,1.0530256830090388,0.5786499728125196
506,16.39194892302622,1.3512671115346295
507,7.985933230400192,6.754151312711807
508,12.791948076544603,46.487854715528
509,5.920945156784013,31.273463647241915
510,12.964912978330927,2.892694898748024
511,6.179838464662125,16.031418857843697
512,32.65407278741045,7.175412959935788
513,5.824442157982942,0.41398658035945557
514,9.19421819368779,0.8623140295106515
515,4.932751130650738,7.119657454012394
516,67.18909489441141,10.050495037108542
517,4.092456641620862,9.839621961356498
518,30.506089676116233,8.659068064568947
519,7.468468567432406,16.883089798721606
520,4.141305131773374,2.8254268810564804
521,13.788714476621966,14.60483899082076
522,19.987630732837253,0.20765570392544813
523,29.27022078108684,6.737692269426601
524,33.035188046464874,1.0832052638407812
525,6.503396780595764,6.358181625157272
526,9.603588570477058,8.259301579694329
527,25.095695496739587,7.979734077121536
528,12.446195219393479,0.32843829997749047
529,0.6948372244831227,5.322281551875408
530,4.7340504961224035,5.700288484079337
531,17.825392442080357,55.42212703140034
532,13.841475190083196,3.3171965671130876
533,5.76723038574067,18.665475162729255
534,0.5135925475082594,15.372645990414762
535,5.615464337466499,0.8748988523281048
536,0.4113653038881472,7.357073647398042
537,19.99373987826213,9.203860350326567
538,1.314058487571631,6.695715657698354
539,4.147181029061379,4.768970566413148
540,19.120397884838333,9.026393187279426
541,4.525673194257629,3.487893147631346
542,8.378365169607632,10.53583553194813
543,1.1955295230778376,13.128892684103086
544,11.424100082984037,12.090860996059865
545,2.898065481984281,26.128809467619178
546,2.790690681217707,22.579326529424012
547,17.93592802978408,7.516673292038685
548,6.391102592860428,11.60333927305334
549,0.5573585519774267,1.926298982312589
550,10.630630234474065,6.451790908270498
551,12.766122995429699,23.378446230542842
552,12.167293046033791,0.08253394702173504
553,5.091811903845867,0.7906028540098499
554,0.796496809310089,3.419364636246978
555,5.9120952754740035,0.009875344245586228
556,5.13463535435667,0.13454623548214867
557,15.091413602679877,0.7598713850149459
558,1.2031558520028838,1.8721072269587304
559,11.782137079609713,1.0009246919917512
560,3.1520701483383147,3.6901642646814654
561,4.366071060337433,10.74737264088978
562,6.820424906001269,17.119949178550673
563,8.745162378076282,3.2561031505911577
564,8.101252241471432,3.5120194063231756
565,9.244822309590365,0.6935070813931423
566,3.4686992959653296,25.02045065383482
567,6.411548996438019,1.1306248859458268
568,6.940067540269146,0.6088203785147848
569,10.135346742327968,28.76649245797197
570,2.8178506246620127,3.3784769745418926
571,5.370402397996354,16.29595474738042
572,21.64198529231319,6.868504770238926
573,5.06868226238325,5.41275003906687
574,18.140804749895114,12.17749466803596
575,10.733796245748348,10.900614205504995
576,34.98841391498739,11.111064543211686
577,3.166645140983262,0.4961142109554779
578,5.9526590232588,2.4983194359973044
579,6.886063326238356,21.266372765512056
580,1.3197531077365094,2.913542967689833
581,3.2633982959695507,6.478061433572291
582,21.686783222995057,6.766932770937642
583,6.411279352855704,1.0149290167318383
584,13.3378788045757,5.0981902983415015
585,0.1192713286612985,7.121707682052321
586,3.08298940632447,13.96952685871006
587,0.7698436262359211,0.7612809316484479
588,4.395281176320992,8.100290163083088
589,4.603840823887116,3.4521797432782666
590,11.1340789154554,5.67796885427906
591,6.907224680417762,3.3645857629598703
592,8.871813253664826,0.08759138226526447
593,24.701139879780442,21.574245638404932
594,1.4388134121748908,1.1428980614819853
595,0.1367150437218182,1.4539708678382979
596,8.075423709294295,1.7601235592535294
597,2.37114697162784,22.350443317885205
598,16.344140364006744,14.927656433705254
599,2.347121907193081,9.633603987391055
600,10.130372413508857,14.790477967157114
601,2.4757586556636473,8.322608894452248
602,6.205059321580833,3.499811202006625
603,0.09402247560471094,6.764365258261991
604,9.651870285565272,2.5650739917597187
605,1.2201835837077364,23.97943512733822
606,16.326099746844804,25.509177146836418
607,2.28745660560217,4.1879752308014195
608,11.405195359639329,14.246615742637987
609,18.044038907203984,1.282460142735638
610,10.959444577324966,5.596333837741901
611,7.924219090662339,7.3292718606528995
612,2.674369165562203,10.110075363196163
613,1.9476858684198206,1.4959339778681648
614,31.525347994919493,5.663102839239396
615,4.505611084272402,54.63476086309289
616,6.7766932980512005,8.600936979325898
617,2.918947825598136,10.431340779401808
618,1.8695440372332195,7.846543117848482
619,0.17916507612860133,1.034491918712657
620,12.487041180629987,9.95404111731488
621,8.263207286119092,14.646778025070502
622,6.755651184998905,3.5384451183828642
623,2.0191673138851343,5.159764086263534
624,0.13238974384595817,8.524380454746757
625,7.60819408953036,3.0180519026450945
626,3.2102520154740892,24.705023575879316
627,0.3111098557306276,44.58103279315686
628,2.190402845070853,1.5972881005474262
629,3.402899963264543,7.569925372176268
630,2.3352625272028362,7.068577946155531
631,5.8524111259108444,15.170293991854448
632,3.037302040472995,20.24957720554947
633,12.330086788764856,8.397180966188579
634,17.143521699199386,11.323675461198953
635,14.445861316749717,7.745674782817703
636,61.59226037389084,5.294391956213717
637,7.106235302063499,5.000297709253674
638,24.883454366828722,8.927292801589012
639,12.322477152892608,13.569741262971615
640,5.551174818015862,3.0843341437356093
641,0.5713834811889816,0.8280384374324877
642,1.854511594918182,3.2616122665775333
643,4.599194473550694,4.53227353210706
644,7.032883884594292,6.244996792514566
645,4.579306893973848,3.1880421748304553
646,30.96345050651438,14.279973050006252
647,5.905250780317931,1.844204766391828
648,8.40558632558287,1.021382103637884
649,5.126845241678403,3.581467212743429
650,8.051037828312719,7.998920513646619
651,3.487273901313517,1.7890448287095253
652,12.295637618644037,2.6454139515026305
653,14.446818398722996,5.258323909847377
654,1.8071023909721784,22.36146073729834
655,7.162562935686324,0.3425761764740035
656,3.146009399296989,9.145975438537391
657,2.3093905338887106,0.660322042230248
658,6.928039834637394,3.8827851069905686
659,16.944284244874474,1.4960915395172483
660,0.21815789299240657,1.733625053704118
661,9.7656320572221,9.035013367007457
662,18.126254081011556,7.246923128268908
663,19.57354728609346,1.1211328929363302
664,2.046368378991377,35.30807006104909
665,9.554727039418761,8.845770413726658
666,2.69613585830655,43.7956467639041
667,3.108294310080222,4.881946898586818
668,26.864249337459004,22.001408596626007
669,6.642093082066936,3.9378443692331118
670,5.429656505114021,2.9155076129542064
671,2.4109276888801796,3.6791130498564195
672,2.9567988944957473,13.80316413937103
673,4.514587894249134,16.722032376192985
674,10.677607493388887,4.096294690266989
675,3.186976519293357,16.82088176341029
676,3.854636145480322,0.9468726559139738
677,14.521989758429047,19.840185661269768
678,0.9662489651596083,10.056911145251412
679,7.398182330927032,31.41086956060972
680,6.986081833119529,12.41504394066791
681,13.929637609747116,1.0117461700365569
682,8.35997323832245,2.645192548596526
683,2.0003774242701153,11.363674562838835
684,0.7221540742331429,38.59186115475453
685,41.93417184956538,3.412854791120483
686,2.18102670536654,8.13323001016377
687,20.18169136016933,13.286533384405438
688,21.360310980510597,3.4129547984557354
689,7.925258568438203,5.997237024693889
690,23.432719441356447,15.272327472243795
691,6.379694103770946,4.616123328280998
692,5.973224736893742,2.7525634810398847
693,15.462608111550862,1.847084112399156
694,19.588868294030117,0.3554765351508757
695,14.090958366172778,2.0055726206800304
696,2.308505982462123,0.08404025351643661
697,14.252818841438074,9.866533863083774
698,23.8165177884421,5.407273224171214
699,3.2430525474716196,12.071932990656473
700,2.143740245624465,22.36120880478385
701,25.646904618541274,1.1797856740257786
702,0.9222436956797524,15.906834988686079
703,16.67724645164062,2.151319176228179
704,24.43074009275593,10.50033911753518
705,4.2526309632284205,10.884686612562751
706,3.0512088285024563,8.417921440472773
707,4.094336518485656,6.10959808031504
708,15.220002315127825,14.369350073575545
709,14.062081522112939,20.128004459495784
710,11.912499685694694,19.99720574407705
711,2.1616375687238074,28.058730047488783
712,4.80600897826865,9.573466196700291
713,22.289116379488153,17.508173452326727
714,0.47918823612271505,7.194543661014048
715,1.0327512363004876,2.7965788379019902
716,0.4053831447601487,7.863183989828676
717,13.44169822867528,35.689085798062465
718,1.6972606431980988,3.8904496249736913
719,6.422633853693122,36.440652659585325
720,0.43044287814547333,15.15240630072319
721,8.50780431226927,2.7969550370631167
722,6.485212713696996,14.58511554153156
723,1.7758718698751486,16.7155476491029
724,9.853786557327615,17.30194568399551
725,17.209225152955337,1.0553020652751097
726,21.357966181207594,27.152726717612676
727,2.594606317586349,1.8849891243776802
728,4.844998707041363,2.828763136436581
729,4.120303471856911,2.7003212442784297
730,1.3899523033573749,2.595796726276831
731,1.9962529750758211,16.60140529207022
732,0.8512700204399305,3.903703239946292
733,1.6178703685528268,0.8935283132104612
734,0.32727992089347124,4.3059047847801635
735,2.9549709421491293,1.8625959844054867
736,23.39902235113204,33.34285702606964
737,7.852371521109827,9.841015028729563
738,14.330332968988376,8.758603143553753
739,6.443993065773896,14.557641971579482
740,2.687889771534864,5.319264008536737
741,23.380458034039762,1.4878457899430848
742,0.27591729225644174,15.054626168939
743,5.1969774534373006,11.910798914709833
744,4.918009631496979,1.4179154967395267
745,10.996195617951791,4.468252106041134
746,51.31885249214542,2.3229551445841503
747,13.986899499036722,29.95904892805828
748,17.861228815917713,5.13772887006024
749,2.4465378225727963,0.28811578048733444
750,5.753464882368895,11.545273166044792
751,1.9777591942035486,4.357603781234683
752,8.230640943651045,0.1736063797705598
753,5.705044509981292,1.806228709511526
754,0.0018405717774891755,2.831181032265059
755,3.3677497619884034,11.505148605889499
756,3.454273856071948,6.15665690181822
757,43.95261674973935,4.636920162011831
758,0.8149359229863801,9.227483208362363
759,12.460586661073357,3.1589296768255664
760,5.150895328569702,15.229333861127468
761,5.9308563325363695,2.193638380077312
762,8.525994069539381,2.7061272974681905
763,2.6268849358185324,3.6335364620838773
764,9.786871544582256,1.6608242573413365
765,4.61947950090471,2.784510117323208
766,5.076583653025912,4.316124327735657
767,7.942171029780953,6.58963337218637
768,0.3619602253219601,13.59260222545984
769,2.5501089081542236,2.143910014072741
770,12.891700318511973,2.8282943467720427
771,5.543466794788952,28.921041074593067
772,0.31674052704343375,38.662214964939935
773,3.369737446014623,12.209103927185856
774,4.1598140646629105,2.2710140296540353
775,5.119626428640791,9.916260999524221
776,2.736029370790658,1.0198291596218492
777,4.730670358903888,20.73159733659638
778,4.866324117669945,4.447538622515669
779,7.988134511454743,8.32321374428137
780,3.173145701615602,12.799933773318863
781,2.740405170202251,20.441483723916797
782,2.043247561246207,6.378994969915183
783,30.821428657978913,18.345834091997514
784,7.505663732849915,5.636583832773676
785,11.546094464502906,5.461107212068532
786,0.4872370784458782,18.60274999709596
787,2.126955738707195,5.922925599582172
788,16.44993436831334,2.3032784889237217
789,3.028608128889564,23.04479614410824
790,3.6712827199643088,24.08136281446057
791,0.6036382923483778,6.24278415222618
792,10.7138478734024,18.817651307517455
793,3.4146568156145274,24.173045523186598
794,3.888146404876227,24.312075687908713
795,1.1361824194854515,73.6410189359038
796,1.6120052345965772,2.4344666695106376
797,3.092550831143564,28.68408172381098
798,3.2576891929249427,0.8285730383683596
799,13.903905188581973,10.021893951462065
800,24.5142618288873,23.680692077049446
801,8.05249043856567,9.254159283259826
802,3.4429412914905617,13.401977714025627
803,1.3919883734506622,16.020050110555104
804,2.4713638725459166,16.83131758876291
805,16.840968068419674,7.3615232835119215
806,10.088109957348417,6.606818511456332
807,17.388526773158567,1.2410405991207778
808,10.099164578774527,3.1156032421442807
809,53.457419624114266,4.805762642466986
810,7.4515543940659175,25.307666460754493
811,16.827399295053922,3.0494402191025882
812,7.541265371835266,29.183576837548276
813,4.300206264833339,12.166476964461985
814,6.3712095032378455,2.1200074044764516
815,8.341595397890224,7.584280388048934
816,1.8999961284558982,5.073258956102279
817,2.5554883348034183,6.30111641683745
818,3.898781707319669,25.10443879805532
819,5.649104481442767,10.152402377727013
820,0.4866165463781217,10.634478581394477
821,0.2713833864339399,8.797664078888056
822,26.493456151893888,21.787724318860118
823,3.7547573122108058,5.188398868325891
824,31.40667215429016,11.947241272455804
825,9.173067498605556,3.301147338963269
826,32.3640394048013,5.53924014028903
827,4.972199118154813,13.843047315706585
828,3.703511992622905,0.0852034536051505
829,2.1054363633765467,4.573642706449711
830,34.94562556375865,19.163307195819797
831,2.105202350232418,42.40686004182394
832,2.044490317623927,25.1838349167083
833,0.5657413611393404,27.456448076627098
834,0.6620828805012752,1.9119878821632033
835,1.7285062837673573,3.410166820563905
836,6.090210677284612,0.9825916640523226
837,4.728724122701855,5.7797245349936475
838,7.190173608901356,8.241984399348603
839,12.218506358781273,2.9667467180464064
840,27.057638525687892,0.6113859018500356
841,2.9166478658195656,17.643239811214652
842,6.171275851435205,4.588094338822165
843,7.7145396901289995,3.153555744046343
844,19.263357021751865,4.48798195258414
845,14.824611574390708,8.037873536475109
846,10.676067958673716,11.395200186205985
847,15.974450295995908,3.8466089877576986
848,1.6835986545512682,4.8214555663514105
849,0.8006556718126576,0.4642031316121347
850,2.347259546951477,11.212704243759543
851,1.1528510817710056,5.039716068332031
852,33.931210939043794,0.4312315504409691
853,1.4255500728351724,1.6870455366486203
854,2.5635423339165113,6.734251649562727
855,4.221230430750486,3.3479936183109955
856,3.262014881333804,16.320780309203265
857,3.3524098101950814,0.7691380559846741
858,0.909715576621911,0.6109820945489662
859,2.4216154857134935,3.451101244122584
860,15.123443828993262,4.774346255994609
861,3.721484667414118,5.220481197544665
862,19.025085642944042,4.741410064108873
863,1.9395104541486634,13.347179893571733
864,1.7311174588001514,15.057545020323477
865,18.846091698333147,1.2462281748872732
866,0.611576816204674,11.815438314100753
867,2.4602375857993177,4.73440309160657
868,43.335512753334314,33.87195036038466
869,4.868217270979262,8.615806804898385
870,0.6266136645175675,2.50034730832352
871,0.14344503977884188,8.753368924302283
872,16.570257543319364,3.348859469631024
873,4.598358415212662,1.9757846818608917
874,23.580390977014325,4.478279468897359
875,32.644522279963915,23.934024425882274
876,3.6105510327604544,24.65852835018399
877,5.460688267967464,2.4408405592193123
878,22.343359279809135,32.40364918143229
879,2.0067197310553992,24.495646158177877
880,13.129179258729419,4.811612420162209
881,7.485334649906208,1.1005360970687055
882,3.8869731740728994,18.186894825214377
883,17.56185747820989,25.281023138471443
884,9.623153850181897,22.320517697847393
885,4.830131378359146,0.0696095926792522
886,3.256665154774241,2.0035729970259193
887,8.185254649521758,13.044825356261537
888,9.766448168282638,1.0183573104447083
889,1.9108292208659892,3.6364525406115105
890,1.1978982489398329,19.774191939976824
891,8.0438949205597,3.7370503036003995
892,1.5572170763685735,0.6290457614767185
893,4.080569674427511,9.320759623733153
894,16.647433712529377,7.948796513310285
895,6.868202945793377,2.176284602729769
896,8.095194949403734,3.9712065861759225
897,2.4822435249305994,8.056229040060531
898,15.73057654667744,0.9511243764531119
899,14.26487909669496,6.532555825927595
900,12.671254740657103,14.062799958119355
901,21.0929064734449,6.2997639071149125
902,1.2666777765157244,52.6867981736322
903,14.379157287318538,12.439591165149462
904,5.196502438636347,3.5927666829519826
905,7.869701691595235,14.564502175781701
906,19.728221133052603,23.86143501766838
907,17.821187258538444,0.13093932385614493
908,14.134272029671624,18.14110094487912
909,0.06177369364798675,8.498092064778982
910,3.838342303353163,1.3465568948118702
911,2.499956683884572,4.381153514409734
912,0.12071731010693887,37.675084920113214
913,10.600752613108693,9.590142688009868
914,1.2752873001451666,4.2699657338245265
915,6.164567175529242,3.792377972952601
916,14.951865849229439,6.526246954080714
917,2.4765720937751743,7.485997002715386
918,54.76312335248953,37.610360350933696
919,1.1699560279034846,7.220453196025899
920,28.942246252507317,4.771560225885646
921,5.768384299053903,3.3879336544667593
922,1.4130084843979218,4.200535088049294
923,9.01198402558929,3.7735816694924647
924,2.959820068508678,7.324987976325357
925,7.628892211241576,6.744218392883235
926,19.103077925793972,2.7815608432687275
927,40.97784030617997,1.7643947649819585
928,3.628525201557984,3.9545917256557486
929,9.638444662842238,12.958394277188248
930,4.805121235582217,8.956915499425746
931,16.56164882612589,43.50649274543842
932,23.604737169716813,24.606045892623865
933,11.911252572393074,17.79034648998962
934,8.942577458617185,2.3395245632391033
935,34.85750956851952,28.138346801694283
936,1.992293154501559,0.2993786469886229
937,3.740249261878714,5.328826074681496
938,2.3253877749118246,6.144326001386804
939,0.37516693781249244,18.58435840387932
940,9.392252085052938,0.4008197885526388
941,13.584442619464241,35.400590159735955
942,32.313378530426036,4.0957966471078375
943,7.576279890923558,41.7041847957701
944,11.318963976556468,19.54702779430432
945,2.1174465148337065,1.678680893489278
946,1.5926276021488954,3.6152611593099415
947,11.860728110012168,13.853681659519182
948,0.43094675604408794,11.01664168286515
949,0.059741427625717235,3.3796319933193804
950,0.5917505286550863,7.254880361853726
951,13.802174098331353,10.999117209578053
952,1.3478012947820697,3.4493510755699113
953,2.118963644470115,2.668304353705741
954,10.989482855188275,6.108610172361649
955,5.909531955043476,18.888100389756513
956,3.772706604926255,0.5280597987030271
957,9.52446070640214,1.4833556853817111
958,20.25407246445896,9.56238741706182
959,15.845844583739265,4.508218875059146
960,5.193417553327434,2.873540462980129
961,4.006356982342025,3.6196711473101475
962,3.743447649798495,0.4167173100724917
963,4.078245435879292,8.40730750724654
964,3.803544246735524,7.823133993346071
965,10.381867754672152,1.9022621196067113
966,12.851198535400192,8.072417674413563
967,20.109472803103916,6.57152470544303
968,38.89446340658567,0.3904368360052024
969,2.261535686151503,30.21530836709705
970,11.819353467808691,18.7190933999969
971,6.544622675123478,1.6396166190159982
972,6.745807655284565,5.635558224116202
973,6.7258226220832,34.66300235745403
974,0.12879714683965404,10.604954722146152
975,1.517200824913611,1.0846174434522666
976,32.88576460928091,13.849566633077313
977,2.056155369192294,7.95115469059086
978,8.024241636725419,23.984676410736753
979,7.829409948720578,12.02404719952975
980,8.865979006821568,18.751639049761703
981,13.693241224765094,11.992347418372596
982,0.3294416260245813,0.22164797270334513
983,6.838236557747709,18.05655370280458
984,21.62947567782266,4.011588401306719
985,14.428308063494445,1.6308628646914634
986,10.666854173159862,0.6040933374637807
987,8.4267715036783,8.368830344412034
988,9.688459563266404,14.041749450216765
989,13.38297221627711,9.828740041643167
990,23.33833087868232,11.15157623137123
991,2.001478286747135,0.1395363903450177
992,4.049950477239193,1.983710493179391
993,7.05201596185252,4.8842473763664005
994,0.4468343099535561,0.4353350569323155
995,2.746494968646011,2.8532354349747107
996,29.890553570144093,0.3383806297182573
997,8.789583264137711,4.630032549605052
998,4.2467913470031675,0.61935172521085
999,20.856667808006662,0.557485550014649
